korean,romaji,english
가게,gage,"store, shop"
가격,gagyeok,price
가구,gagu,furniture
가깝다,gakkapda,close
가끔,gakkeum,sometimes
가다,gada,go
가르치다,gareuchida,teach
가방,gabang,bag
가볍다,gabyeopda,light
가수,gasu,singer
가슴,gaseum,"chest, breast"
가요,gayo,song
가운데,gaunde,middle
가위,gawi,scissors
가을,gaeul,"autumn, fall"
가장,gajang,most
가져가다,gajyeogada,take away
가져오다,gajyeooda,bring
가족,gajok,family
가지,gaji,branch
가지다,gajida,have
각,gak,each
간,gan,while
간단하다,gandanhada,"simple, easy"
간단히,gandanhi,simply
간식,gansik,snack
간장,ganjang,soy sauce
간호사,ganhosa,nurse
갈비,galbi,"Galvi, spareribs"
갈비탕,galbitang,"Galbitang, spareribs soup"
갈색,galsaek,brown
갈아타다,garatada,transfer
감,gam,persimmon
감기,gamgi,cold
감기약,gamgiyak,cold medicine
감다,gamda,close ~ (eyes)
감동,gamdong,sensation
감동하다,gamdonghada,be impressed
감사,gamsa,thank
감사드립니다,gamsadeuripnida,thank you
감사하다,gamsahada,"thank, appreciate"
감사합니다,gamsahapnida,thank you
감자,gamja,potato
감자탕,gamjatang,"Gamjatang, potato soup"
갑자기,gapjagi,suddenly
값,gap,price
강,gang,river
강아지,gangaji,puppy
강좌,gangjwa,lecture
갖다,gatda,have
같다,gatda,same
같이,gati,together
개,gae,"dog, ~ piece(s)"
개나리,gaenari,forsythia
개인,gaein,individual
거기,geogi,there
거리,geori,street
거실,geosil,living room
거울,geoul,mirror
거의,geoui,"almost, nearly"
거짓말,geojitmal,lie
걱정,geokjeong,"anxiety, concern"
걱정하다,geokjeonghada,worry
건강,geongang,health
건강하다,geonganghada,be healthy
건너가다,geonneogada,cross (a road)
건너다,geonneoda,cross over
건너편,geonneopyeon,"other side, opposite side"
건물,geonmul,building
건배,geonbae,"cheers, toast"
걷다,geotda,walk
걸다,geolda,"bet, call"
걸리다,geolrida,"get caught, take (time)"
걸어가다,georeogada,walk (go)
걸어오다,georeooda,walk (come)
검은색,geomeunsaek,black
것,geot,"that, thing, it"
게임,geim,game
겨울,gyeoul,winter
겨울방학,gyeoulbanghak,winter vacation
결과,gyeolgwa,result
결정,gyeoljeong,decision
결정하다,gyeoljeonghada,decide
결혼,gyeolhon,marriage
결혼식,gyeolhonsik,wedding ceremony
결혼하다,gyeolhonhada,get married
경기,gyeonggi,"competition, game"
경기장,gyeonggijang,"stadium, arena"
경복궁,gyeongbokgung,Gyeongbokgung
경주,gyeongju,Gyeongju
경찰,gyeongchal,police
경찰관,gyeongchalgwan,police officer
경찰서,gyeongchalseo,police office
경치,gyeongchi,"view, landscape"
경험,gyeongheom,experience
계단,gyedan,stairs
계란,gyeran,egg
계산하다,gyesanhada,calculate
계속,gyesok,continue
계시다,gyesida,"be, exist (honorific form)"
계절,gyejeol,season
계획,gyehoek,plan
고기,gogi,meat
고등학교,godeunghakgyo,high school
고등학생,godeunghaksaeng,high school student
고르다,goreuda,choose
고마웠습니다,gomawotseupnida,Thank you (past tense)
고맙다,gomapda,thank
고맙습니다,gomapseupnida,Thank you
고모,gomo,paternal aunt
고모부,gomobu,paternal uncle
고속버스,gosokbeoseu,express bus
고양이,goyangi,cat
고장,gojang,"broken, malfunction"
고추,gochu,red pepper
고추장,gochujang,"Kochujang, red pepper paste"
고치다,gochida,fix
고프다,gopeuda,hungry
고향,gohyang,hometown
곧,got,soon
골목,golmok,alley
골프,golpeu,golf
곱다,gopda,beautiful
곳,got,place
공,gong,ball
공간,gonggan,space
공기,gonggi,air
공무원,gongmuwon,public official
공부,gongbu,study
공부하다,gongbuhada,study
공연,gongyeon,"show, public performance"
공원,gongwon,park
공중전화,gongjungjeonhwa,"payphone, public phone"
공짜,gongjja,free
공책,gongchaek,"notebook, note"
공항,gonghang,airport
공휴일,gonghyuil,public holiday
과,gwa,division
과거,gwageo,past
과일,gwail,fruit
과자,gwaja,snack
과학,gwahak,science
관계,gwangye,relation
관광하다,gwangwanghada,"travel, sightsee"
관심,gwansim,"attention, interest"
광고,gwanggo,advertisement
괜찮다,gwaenchanta,be okay
괜찮습니다,gwaenchansseupnida,It's fine.
교과서,gyogwaseo,textbook
교수,gyosu,professor
교실,gyosil,classroom
교체,gyoche,"substitute, change"
교통,gyotong,traffic
교통사고,gyotongsago,traffic accident
교회,gyohoe,church
구,gu,9
구경하다,gugyeonghada,take a look
구두,gudu,shoes
구름,gureum,cloud
구십,gusip,90
구월,guwol,September
구하다,guhada,"save, seek, get"
국,guk,soup
국내,guknae,domestic
국립,gukrip,"nationalestablished, state"
국수,guksu,noodle
국어,gugeo,Korean language
국적,gukjeok,"nationality, country of citizenship"
국제,gukje,international
군인,gunin,"soldier, military personnel"
굽다,gupda,bake
권,gwon,~ book(s)
귀,gwi,ear
귀엽다,gwiyeopda,cute
규칙,gyuchik,rule
귤,gyul,mandarin orange
그,geu,it
그거,geugeo,it
그것,geugeot,it
그곳,geugot,there
그날,geunal,that day
그냥,geunyang,"just, as it is"
그동안,geudongan,"meantime, meanwhile, up to now"
그들,geudeul,"them, they"
그때,geuttae,"then, at that time"
그래,geurae,"Yes, Yeah"
그래서,geuraeseo,"so, thus"
그램,geuraem,gram
그러나,geureona,"but, however"
그러니까,geureonikka,"so, because"
그러면,geureomyeon,"then, if so"
그런,geureon,"then, such"
그런데,geureonde,"by the way, however"
그럼,geureom,then
그렇게,geureoke,"like that, so"
그렇구나,geureokuna,"well, I see."
그렇다,geureota,"Yes, that's it."
그렇습니다,geureosseupnida,That's right.
그렇지만,geureochiman,"nevertheless, but"
그릇,geureut,"bowl, container, tableware"
그리고,geurigo,and
그리다,geurida,draw
그림,geurim,"drawing, picture"
그만,geuman,"stop, finish"
그분,geubun,"his, the person"
그저께,geujeokke,day before yesterday
그중,geujung,among them
그쪽,geujjok,"there, the person"
그치다,geuchida,"stop, end, cease"
극장,geukjang,"theater, cinema"
근처,geuncheo,"nearby, neighborhood"
글,geul,"post, sentence, character"
글쎄요,geulsseyo,"I do not know., well, I guess ~"
금방,geumbang,"soon, a little while ago"
금연,geumyeon,no smoking
금요일,geumyoil,Friday
금주,geumju,"abstinence, temperance"
급,geup,"class, grade"
급하다,geuphada,"hurry, urgent"
기간,gigan,"term, period"
기다리다,gidarida,wait
기르다,gireuda,"cultivate, grow"
기름,gireum,"oil, gasoline"
기분,gibun,feeling
기뻐하다,gippeohada,"glad, delight"
기쁘다,gippeuda,happy
기사,gisa,"article, driver, engineer"
기숙사,gisuksa,dormitory
기억하다,gieokhada,remember
기온,gion,temperature
기자,gija,reporter
기차,gicha,train
기침,gichim,cough
기타,gita,other
긴장되다,ginjangdoeda,be nervous
길,gil,"way, road"
길다,gilda,long
김,gim,seaweed
김밥,gimbap,Kimbab
김치,gimchi,Kimchi
김치찌개,gimchijjigae,Kimchi stew
김포공항,gimpogonghang,Gimpo International Airport
까만색,kkamansaek,black color
까맣다,kkamata,black
깎다,kkakda,"cut, shave"
깜짝,kkamjjak,"startled, surprised"
깨끗하다,kkaekkeuthada,clean
깨다,kkaeda,"wake up, crack, break"
깨지다,kkaejida,"chip, crack, break"
꺼내다,kkeonaeda,take out
껌,kkeom,chewing gum
꼭,kkok,"exactly, absolutely"
꽃,kkot,flower
꽃집,kkotjip,florist
꾸다,kkuda,dream
꿈,kkum,dream
끄다,kkeuda,"turn off, extinguish, stop"
끓이다,kkeurida,boil
끝,kkeut,end
끝나다,kkeutnada,"finish, end"
끝내다,kkeutnaeda,finish
끼다,kkida,"put on, plug, (fog) rolls in"
나,na,I
나가다,nagada,"go out, get out"
나누다,nanuda,"share, divide"
나다,nada,"occur, come out"
나라,nara,country
나무,namu,tree
나빠지다,nappajida,"spoil, deteriorate"
나쁘다,nappeuda,bad
나오다,naoda,"come out, appear"
나이,nai,"age, old"
나중,najung,"later, after"
나타나다,natanada,appear
나흘,naheul,four days
낚시,naksi,fishing
날,nal,day
날씨,nalssi,weather
날짜,naljja,date
남,nam,"south, man"
남기다,namgida,leave
남녀,namnyeo,men and women
남대문시장,namdaemunsijang,Namdaemun market
남동생,namdongsaeng,younger brother
남미,nammi,South America
남북,nambuk,north and south
남자,namja,man
남쪽,namjjok,south
남편,nampyeon,husband
남학생,namhaksaeng,male student
낮,nat,"day, noon, during the day"
낮다,natda,low
내,nae,"of mine, my"
내가,naega,I
내과,naegwa,internal medicine
내년,naenyeon,next year
내다,naeda,"pay, put out"
내려가다,naeryeogada,go down
내려오다,naeryeooda,come down
내리다,naerida,go down
내용,naeyong,content
내일,naeil,tomorrow
냄비,naembi,pot
냄새,naemsae,smell
냉면,naengmyeon,cold noodle
냉장고,naengjanggo,refrigerator
너,neo,you
너무,neomu,"too, very"
넓다,neolda,wide
넘다,neomda,"exceed, more than"
넘어지다,neomeojida,"fall down, fall"
넣다,neota,put in
네,ne,"yes, 4"
넥타이,nektai,necktie
넷,net,4
넷째,netjjae,fourth
년,nyeon,year
노란색,noransaek,yellow color
노랗다,norata,yellow
노래,norae,song
노래방,noraebang,Karaoke shop
노래하다,noraehada,sing
노력하다,noryeokhada,"endeavor, strive"
노트,noteu,note
녹색,noksaek,green
녹차,nokcha,green tea
놀다,nolda,play
놀라다,nolrada,be surprised
농구,nonggu,basketball
높다,nopda,high
놓다,nota,put
누가,nuga,who
누구,nugu,who
누나,nuna,sister (as seen from the younger brother)
누르다,nureuda,"press down, push"
눈,nun,"eye, snow"
눈물,nunmul,tear
눈사람,nunsaram,snowman
눈싸움,nunssaum,"staring contest, snowball fight"
눕다,nupda,"lie down, sleep"
뉴스,nyuseu,news
뉴욕,nyuyok,New York
느끼다,neukkida,feel
느낌,neukkim,feeling
느리다,neurida,slow
늘,neul,always
늘다,neulda,"gain, increase"
능력,neungryeok,ability
늦다,neutda,"late, delay"
늦잠,neutjam,"overslept, sleeping in late"
님,nim,Sir
다,da,"all, whole"
다녀오다,danyeooda,"return, come back"
다니다,danida,"go, commute"
다르다,dareuda,different
다른,dareun,"other ~, another ~, different ~"
다리,dari,"bridge, leg, foot"
다섯,daseot,5
다시,dasi,again
다음,daeum,"next, after"
다음달,daeumdal,next month
다음주,daeumju,next week
다음해,daeumhae,"next year, following year"
다이어트,daieoteu,diet
다치다,dachida,hurt
닦다,dakda,"wipe, polish"
단어,daneo,word
단점,danjeom,"disadvantage, shortcoming, drawback"
닫다,datda,close
닫히다,dathida,"shut, close"
달,dal,"month, moon"
달걀,dalgyal,egg
달다,dalda,sweet
달러,dalreo,dollar
달력,dalryeok,calendar
달리다,dalrida,run
닭,dak,"chicken, hen"
닭고기,dakgogi,chicken
닮다,damda,resemble
담그다,damgeuda,"dip, pickle"
담배,dambae,tobacco
답장,dapjang,reply
당근,danggeun,carrot
당신,dangsin,you
대,dae,"versus, large"
대답,daedap,answer
대답하다,daedaphada,"answer, reply"
대부분,daebubun,"mostly, almost"
대사관,daesagwan,embassy
대학,daehak,"university, college"
대학교,daehakgyo,"university, college"
대학생,daehaksaeng,college student
대학원,daehagwon,graduate school
대학원생,daehagwonsaeng,"postgraduate student, graduate student"
대한민국,daehanminguk,"Republic of Korea, South Korea"
대화,daehwa,"conversation, dialogue"
대회,daehoe,"competition, tournament"
댁,daek,house
더,deo,more
더럽다,deoreopda,dirty
더운물,deounmul,hot water
덕분,deokbun,"thanks for, thanks to"
덥다,deopda,hot
덮다,deopda,cover
데리다,derida,"bring, take along"
데이트,deiteu,"date, dating"
도로,doro,road
도서관,doseogwan,library
도시,dosi,city
도와주다,dowajuda,help
도움,doum,"help, assistance"
도착,dochak,arrival
도착하다,dochakhada,arrive
도쿄,dokyo,Tokyo
독서,dokseo,reading
독서실,dokseosil,reading room
독서하다,dokseohada,read
독일,dogil,Germany
돈,don,money
돌아가다,doragada,"return, go back"
돌아오다,doraoda,"come back, come home"
돕다,dopda,help
동네,dongne,"town, neighborhood"
동대문시장,dongdaemunsijang,Dongdaemun market
동물,dongmul,animal
동생,dongsaeng,"brother, sister"
동아리,dongari,"club, group"
동안,dongan,"during, between"
동양,dongyang,"eastern, orient"
동전,dongjeon,coin
동쪽,dongjjok,east
돼지,dwaeji,pig
돼지고기,dwaejigogi,pork
되다,doeda,become
된장,doenjang,fermented soybean paste
된장국,doenjangguk,soybean paste soup
된장찌개,doenjangjjigae,soybean paste stew
두,du,two
두껍다,dukkeopda,thick
두다,duda,put
두부,dubu,tofu
두부찌개,dubujjigae,tofu soup
둘,dul,2
둘째,duljjae,"second, the second of~"
뒤,dwi,"rear, back"
뒤쪽,dwijjok,"behind, back, towards the rear"
드라마,deurama,drama
드리다,deurida,give
드시다,deusida,eat (honorific form)
듣기,deutgi,"listening, hearing"
듣다,deutda,listen
들,deul,"field, ~s,"
들다,deulda,"hold, enter"
들어가다,deureogada,"go in, enter"
들어오다,deureooda,"come in, enter"
등,deung,"etc, back"
등산,deungsan,"hiking, mountain-climbing"
등산복,deungsanbok,mountaineering clothing
등산화,deungsanhwa,"hiking boots, climbing shoes"
디브이디,dibeuidi,DVD
디자인,dijain,design
따뜻하다,ttatteuthada,warm
따라가다,ttaragada,follow
따라오다,ttaraoda,"come with, follow"
따로,ttaro,separately
따르다,ttareuda,follow
딸,ttal,daughter
딸기,ttalgi,strawberry
땀,ttam,sweat
때,ttae,time
때문,ttaemun,"because, for ~, so~"
떠나다,tteonada,leave
떠들다,tteodeulda,"chatter, make a noise"
떡,tteok,rice cake
떡국,tteokguk,rice cake soup
떡볶이,tteokbokki,Toppogi
떨어지다,tteoreojida,drop
또,tto,"in addition, again"
또는,ttoneun,or
똑같다,ttokgatda,same
똑바로,ttokbaro,"upright, straight"
뛰다,ttwida,run
뜨겁다,tteugeopda,hot
뜨다,tteuda,"rise, open (the eyes)"
뜻,tteut,meaning
라디오,radio,radio
라면,ramyeon,ramen
러시아,reosia,Russia
로션,rosyeon,skin lotion
마늘,maneul,garlic
마르다,mareuda,dry
마리,mari,"~ animal(s), ~ head(s)"
마시다,masida,drink
마음,maeum,"mind, feeling"
마지막,majimak,last
마치다,machida,"finish, end"
마흔,maheun,40
막히다,makhida,"be blocked, be clogged"
만,man,"only, ten thousand"
만나다,mannada,meet
만두,mandu,dumpling
만들다,mandeulda,"make, create"
만일,manil,"if, should"
만지다,manjida,touch
만화,manhwa,"comic book, cartoon"
많다,manta,many
많이,mani,"a lot of, many"
말,mal,"word, talk"
말씀,malsseum,"words, remarks"
말씀하다,malsseumhada,talk
말하기,malhagi,speaking
말하다,malhada,"say, talk"
맑다,makda,"clear, clean"
맛,mat,"flavor, taste"
맛없다,maseopda,not delicious
맛있다,masitda,delicious
맞다,matda,"right, fit, correct"
맞습니다,matseupnida,That's right.
맞아요,majayo,That's right.
맞은편,majeunpyeon,"across, the other side, opposite"
매다,maeda,tie
매우,maeu,"extremely, very"
매일,maeil,everyday
매주,maeju,every week
맥주,maekju,beer
맵다,maepda,spicy
머리,meori,"head, hair"
먹다,meokda,eat
먼저,meonjeo,"first, first of all, before"
멀다,meolda,"far, distant, long"
멋있다,meositda,"cool, nice"
메뉴,menyu,menu
메다,meda,"shoulder, carry"
메모,memo,memo
메시지,mesiji,message
멕시코,meksiko,Mexico
며칠,myeochil,"a few days, what date"
면도,myeondo,"razor, shaving"
명,myeong,~  person(s)
명절,myeongjeol,"holidays, annual events"
몇,myeot,"a few, a number of"
모두,modu,"all, everyone"
모레,more,the day after tomorrow
모르겠습니다,moreugetseupnida,I don't know.
모르다,moreuda,do not know
모시다,mosida,"take you, serve you  (honorific form)"
모양,moyang,"shape, form, style"
모으다,moeuda,"collect, gather"
모이다,moida,"gather, get together"
모임,moim,"meeting, gathering"
모자,moja,hat
목,mok,"neck, throat"
목걸이,mokgeori,necklace
목소리,moksori,voice
목요일,mogyoil,Thursday
목욕,mogyok,"bath, bathing"
목욕하다,mogyokhada,take a bath
목적,mokjeok,purpose
몸,mom,body
몸살,momsal,"sickness, disease that comes from fatigue"
못하다,mothada,~ can not do
몽골,monggol,Mongolia
무,mu,radish
무겁다,mugeopda,heavy
무궁화,mugunghwa,rose of sharon
무료,muryo,free
무릎,mureup,knee
무리,muri,"swarm, unreasonable"
무섭다,museopda,scary
무슨,museun,what
무엇,mueot,what
무엇이,mueosi,what
무역,muyeok,trade
무용,muyong,dance
무척,mucheok,very
문,mun,"door, gate"
문구점,mungujeom,stationery store
문장,munjang,sentence
문제,munje,problem
문화,munhwa,culture
묻다,mutda,ask
물,mul,water
물건,mulgeon,"stuff, thing"
물론,mulron,"sure, of course"
물어보다,mureoboda,ask
뭐,mwo,what
미국,miguk,The United States
미래,mirae,future
미리,miri,"in advance, beforehand"
미술,misul,art
미술관,misulgwan,"art gallery, art museum"
미안하다,mianhada,sorry
미안합니다,mianhapnida,I'm sorry.
미용실,miyongsil,beauty salon
미터,miteo,meter
민속촌,minsokchon,folk village
밀가루,milgaru,flour
밀리다,milrida,"be shaved, be pushed"
밑,mit,"bottom, below"
바꾸다,bakkuda,change
바뀌다,bakkwida,be changed
바나나,banana,banana
바다,bada,sea
바닷가,badatga,beach
바라다,barada,hope
바람,baram,wind
바로,baro,"immediately, soon, just"
바르다,bareuda,"right, paint, wear"
바쁘다,bappeuda,busy
바이올린,baiolrin,violin
바지,baji,pants
박물관,bakmulgwan,museum
박수,baksu,"clap, applause"
밖,bak,"out, outside"
반,ban,"half, group"
반갑다,bangapda,"nice to meet, happy"
반갑습니다,bangapseupnida,Nice to meet you.
반년,bannyeon,half a year
반달,bandal,half-moon
반바지,banbaji,shorts
반지,banji,ring
반찬,banchan,side dish
받다,batda,receive
발,bal,"foot, leg"
발가락,balgarak,toe(s)
발음,bareum,pronunciation
발전,baljeon,development
발표,balpyo,"announcement, presentation"
밝다,bakda,bright
밤,bam,night
밥,bap,"rice, meal"
방,bang,room
방법,bangbeop,"way, method"
방송,bangsong,broadcast
방송국,bangsongguk,broadcast stations
방학,banghak,vacation
배,bae,"ship, stomach, pear"
배고프다,baegopeuda,hungry
배구,baegu,volleyball
배달,baedal,delivery
배부르다,baebureuda,be full (I am full.)
배우,baeu,actor
배우다,baeuda,learn
배탈,baetal,stomachache
백,baek,100
백화점,baekhwajeom,department store
버리다,beorida,"abandon, throw away"
버스,beoseu,bus
번,beon,~ time(s)
번호,beonho,number
벌다,beolda,"earn, make money"
벌써,beolsseo,already
벗다,beotda,"take off (clothes, shoes)"
벚꽃,beotkkot,cherry blossom
베이징,beijing,Beijing
베트남,beteunam,Vietnam
벽,byeok,wall
변호사,byeonhosa,lawyer
별,byeol,star
별로,byeolro,not really
병,byeong,"illness, ~ bottle(s)"
병원,byeongwon,hospital
보내다,bonaeda,"send, spend"
보다,boda,see
보도,bodo,"sidewalk, report"
보이다,boida,"show, look"
보통,botong,"usually, normally, in general"
복숭아,boksunga,peach
복잡하다,bokjaphada,"complicated, crowded"
볶다,bokda,fry
볶음밥,bokkeumbap,fried rice
볼펜,bolpen,ballpoint pen
봄,bom,spring
봉지,bongji,bag
봉투,bongtu,envelope
뵙다,boepda,meet
부동산,budongsan,real estate
부드럽다,budeureopda,"soft, friendly"
부르다,bureuda,"call, sing"
부모,bumo,parents
부부,bubu,"couple, husband and wife, married couple"
부산,busan,Busan
부업,bueop,sideline
부엌,bueok,kitchen
부인,buin,"wife, Mrs."
부장,bujang,director
부지런하다,bujireonhada,diligent
부치다,buchida,"send, fry, transmit"
부탁,butak,"request, please"
부탁하다,butakhada,"beg, ask"
북쪽,bukjjok,North
분,bun,"~ person(s), ~ minute(s)"
분위기,bunwigi,atmosphere
불,bul,"fire, electrical light"
불고기,bulgogi,"Bulgogi, grilled meat"
불다,bulda,"blow (wind or whistle, musical instruments, etc.)"
불편하다,bulpyeonhada,"uncomfortable, inconvenient"
붓다,butda,pour
붙다,butda,"stick, pass a test"
붙이다,butida,"attach, stick"
브라질,beurajil,Brazil
블라우스,beulrauseu,blouse
비,bi,rain
비누,binu,soap
비디오,bidio,video
비밀,bimil,secret
비빔밥,bibimbap,"Bibimbap, mixed rice"
비슷하다,biseuthada,"similar, like"
비싸다,bissada,expensive
비행기,bihaenggi,airplane
비행장,bihaengjang,"airfield, airport"
빌딩,bilding,building
빌리다,bilrida,"borrow, lend"
빠르다,ppareuda,fast
빨간색,ppalgansaek,red color
빨갛다,ppalgata,red
빨다,ppalda,"suck, do laundry"
빨래,ppalrae,"laundry, wash"
빨리,ppalri,quickly
빵,ppang,bread
빵집,ppangjip,bakery
빼다,ppaeda,"remove, pull, pull out"
뿐,ppun,only
사,sa,4
사거리,sageori,"intersection, four corners"
사계절,sagyejeol,four seasons
사고,sago,accident
사과,sagwa,apple
사다,sada,buy
사람,saram,"person, man"
사랑,sarang,love
사랑하다,saranghada,love
사례,sarye,"case, example"
사무실,samusil,office
사물,samul,"object, thing"
사십,sasip,40
사업가,saeopga,"entrepreneur, businessman"
사용하다,sayonghada,use
사원,sawon,"temple, employee"
사월,sawol,April
사이,sai,"between, while"
사이다,saida,cider
사이즈,saijeu,size
사인하다,sainhada,sign
사장,sajang,"CEO, the president"
사전,sajeon,dictionary
사진,sajin,"picture, photo"
사진기,sajingi,camera
사촌,sachon,cousin
사탕,satang,candy
사흘,saheul,3 days
산,san,mountain
산책,sanchaek,walk
살,sal,"flesh, ~ year(s) old"
살다,salda,live
삼,sam,3
삼거리,samgeori,"intersection, three-way intersection"
삼계탕,samgyetang,Samgyetang
삼십,samsip,30
삼월,samwol,March
삼촌,samchon,paternal uncle
상관,sanggwan,relation
상자,sangja,box
상처,sangcheo,"wound, scratch"
상품,sangpum,product
새,sae,"bird, new"
새로,saero,newly
새벽,saebyeok,"dawn, late at night, early morning"
새우,saeu,shrimp
색,saek,color
색깔,saekkkal,color
샌드위치,saendeuwichi,sandwich
생각,saenggak,"thinking, thought"
생각되다,saenggakdoeda,"be considered, it seems~"
생각하다,saenggakhada,think
생기다,saenggida,"form, arise"
생선,saengseon,fish
생신,saengsin,birthday  (honorific form)
생일,saengil,birthday
생활,saenghwal,life
샤워하다,syawohada,take a shower
샴푸,syampu,shampoo
서다,seoda,stand
서로,seoro,"each other, both"
서류,seoryu,document
서른,seoreun,30
서비스,seobiseu,service
서양,seoyang,"western, west"
서울,seoul,Seoul
서울역,seouryeok,Seoul station
서점,seojeom,bookstore
서쪽,seojjok,"west, western"
선물,seonmul,"gift, present"
선배,seonbae,"elder, senior"
선생님,seonsaengnim,teacher
선수,seonsu,player
선택하다,seontaekhada,"choose, select"
선풍기,seonpunggi,fan
설거지,seolgeoji,"washing dishes, dish-washing"
설날,seolnal,Lunar New Year
설렁탕,seolreongtang,Seolleongtang
설명,seolmyeong,"explanation, description"
설명하다,seolmyeonghada,explain
설악산,seoraksan,Mt. Seorak
설탕,seoltang,sugar
섬,seom,island
성,seong,"castle, last name"
성격,seonggyeok,personality
성함,seongham,name
세계,segye,world
세수하다,sesuhada,wash
세우다,seuda,"set up, formulate"
세일하다,seilhada,have a sale
세탁기,setakgi,washing machine
세탁소,setakso,"dry cleaners, laundromat"
센터,senteo,center
센티미터,sentimiteo,centimeter
셋,set,3
셋째,setjjae,third
소,so,"small, cow"
소개,sogae,introduction
소개하다,sogaehada,introduce
소고기,sogogi,beef
소금,sogeum,salt
소리,sori,"sound, voice"
소설,soseol,novel
소설가,soseolga,novelist
소식,sosik,news
소파,sopa,sofa
소포,sopo,parcel
소풍,sopung,"picnic, trip"
소화제,sohwaje,"peptic, digestive"
속,sok,inside
손,son,hand
손가락,songarak,finger
손님,sonnim,customer
손수건,sonsugeon,handkerchief
송이,songi,"bunch, flower, cluster"
쇼핑,syoping,shopping
수건,sugeon,"towel, washcloth"
수도,sudo,"capital, water supply"
수돗물,sudotmul,tap water
수박,subak,watermelon
수술하다,susulhada,operate on for
수업,sueop,"class, lesson"
수영,suyeong,swimming
수영복,suyeongbok,swimsuit
수영장,suyeongjang,swimming pool
수요일,suyoil,Wednesday
수저,sujeo,chopsticks and a spoon
수첩,sucheop,"note, notebook"
수학,suhak,mathematics
숙제,sukje,homework
순서,sunseo,"order, turn"
숟가락,sutgarak,spoon
술,sul,"alcohol, liquor"
쉬다,swida,rest
쉰,swin,50
쉽다,swipda,easy
슈퍼마켓,syupeomaket,supermarket
스물,seumul,20
스웨터,seuweteo,sweater
스케이트,seukeiteu,skate
스키,seuki,"ski, skiing"
스키장,seukijang,ski resort
스타,seuta,star
스타킹,seutaking,stockings
스트레스,seuteureseu,stress
스페인어,seupeineo,Spanish
스포츠,seupocheu,sport
슬퍼하다,seulpeohada,"sorrow, mourn"
슬프다,seulpeuda,sad
습관,seupgwan,habit
시,si,"city, time"
시간,sigan,time
시간표,siganpyo,"schedule, timetable"
시계,sigye,clock
시골,sigol,countryside
시끄럽다,sikkeureopda,noisy
시내,sinae,"downtown, city, stream"
시다,sida,sour
시디,sidi,CD
시민,simin,citizen
시설,siseol,facility
시외,sioe,suburbs
시원하다,siwonhada,"cool, refresh"
시월,siwol,October
시작,sijak,start
시작되다,sijakdoeda,begin
시작하다,sijakhada,"start, begin"
시장,sijang,market
시청,sicheong,city hall
시키다,sikida,"make someone do, order"
시험,siheom,"exam, test"
식당,sikdang,"restaurant, cafeteria"
식사,siksa,meal
식탁,siktak,table
신,sin,"god, new"
신다,sinda,"put on, wear"
신문,sinmun,newspaper
신발,sinbal,"shoes, footwear"
신청서,sincheongseo,application forms
신청하다,sincheonghada,"put in for, apply for"
실례,silrye,excuse
실례하다,silryehada,be excused
실수,silsu,"mistake, failure"
싫다,silta,hate
싫어하다,sireohada,"dislike, hate"
심하다,simhada,"severe, terrible"
십,sip,10
십이월,sibiwol,December
십일월,sibirwol,November
싱겁다,singgeopda,not salty
싶다,sipda,want
싸다,ssada,"cheap, wrap"
싸우다,ssauda,fight
쌀,ssal,rice
쌀밥,ssalbap,cooked rice
쌓이다,ssaida,"stack up, pile up"
썰다,sseolda,"chop, cut"
쓰기,sseugi,"writing, dictation"
쓰다,sseuda,"write, use, wear (glasses)"
쓰레기,sseuregi,garbage
쓰이다,sseuida,"be written, be used"
씨,ssi,"seed, Mr. ~"
씩,ssik,"each, every, per"
씹다,ssipda,"chew, bite"
씻다,ssitda,wash
아가씨,agassi,"Miss, daughter"
아기,agi,"baby, toddler"
아까,akka,"earlier, while ago"
아내,anae,wife
아뇨,anyo,no
아니다,anida,no
아니오,anio,no
아니요,aniyo,no
아들,adeul,son
아랍어,arabeo,Arabic
아래,arae,"bottom, under"
아름답다,areumdapda,beautiful
아마,ama,"maybe, perhaps"
아무,amu,any
아버님,abeonim,father
아버지,abeoji,father
아빠,appa,dad
아시아,asia,Asia
아이,ai,child
아이스크림,aiseukeurim,ice cream
아저씨,ajeossi,"uncle, mister"
아주,aju,"very, completely"
아주머니,ajumeoni,"old lady, madame, aunt"
아줌마,ajumma,"old lady, madame, aunt"
아직,ajik,"yet, still"
아침,achim,"morning, breakfast"
아침밥,achimbap,breakfast
아침식사,achimsiksa,breakfast
아파트,apateu,"apartment, mansion"
아프다,apeuda,"painful, sick"
아프리카,apeurika,Africa
아홉,ahop,9
아흔,aheun,90
악기,akgi,musical instrument
안,an,"within, not ~"
안경,angyeong,glasses
안내하다,annaehada,"guide, invite"
안녕하세요,annyeonghaseyo,"hi, hello"
안녕하십니까,annyeonghasipnikka,hello
안다,anda,"embrace, cradle"
안전하다,anjeonhada,safe
앉다,anda,sit
알다,alda,know
알리다,alrida,inform
알맞다,almatda,"fit, appropriate"
알았습니다,aratseupnida,I understood.
앞,ap,"front, previous"
애,ae,child
액세서리,aekseseori,accessory
야구,yagu,baseball
야채,yachae,vegetable
약,yak,"about, medicine"
약간,yakgan,"slightly, a little"
약국,yakguk,pharmacy
약사,yaksa,pharmacist
약속,yaksok,"appointment, promise"
얇다,yalda,thin
양,yang,"amount, sheep"
양말,yangmal,socks
양복,yangbok,suit
양식,yangsik,"form, western style"
양파,yangpa,onion
얘기하다,yaegihada,talk
어깨,eokkae,shoulder
어느,eoneu,"which, how"
어둡다,eodupda,dark
어디,eodi,where
어떤,eotteon,"which, what"
어떻게,eotteoke,how
어떻다,eotteota,how
어떻습니까?,eotteosseupnikka?,How is it?
어렵다,eoryeopda,difficult
어른,eoreun,adult
어리다,eorida,young
어린이,eorini,child
어머,eomeo,"oh, well"
어머니,eomeoni,mother
어머님,eomeonim,mother
어서,eoseo,"hurry, quickly"
어울리다,eoulrida,"look good on, befit"
어저께,eojeokke,yesterday
어제,eoje,yesterday
어젯밤,eojetbam,last night
언니,eonni,sister (as seen from the younger sister)
언제,eonje,when
언제나,eonjena,"always, anytime"
얼굴,eolgul,face
얼마나,eolmana,how much
얼음,eoreum,ice
엄마,eomma,mom
없다,eopda,"none, no, not"
없이,eopsi,without
에어컨,eeokeon,air conditioner
엔,en,yen
엘리베이터,elribeiteo,elevator
여권,yeogwon,passport
여기,yeogi,here
여기저기,yeogijeogi,here and there
여덟,yeodeol,8
여동생,yeodongsaeng,younger sister
여든,yeodeun,80
여러,yeoreo,"various, many"
여러가지,yeoreogaji,"several, various"
여러분,yeoreobun,"everyone, ladies and gentlemen"
여름,yeoreum,summer
여보세요,yeoboseyo,hello
여섯,yeoseot,6
여자,yeoja,woman
여학생,yeohaksaeng,female student
여행,yeohaeng,travel
여행사,yeohaengsa,"travel agency, travel firm"
역,yeok,station
역사,yeoksa,history
연락처,yeonrakcheo,contact information
연세,yeonse,age  (honorific form)
연습,yeonseup,practice
연습하다,yeonseuphada,practice
연예인,yeonyein,celebrity
연필,yeonpil,pencil
연휴,yeonhyu,consecutive holidays
열,yeol,10
열다,yeolda,open
열리다,yeolrida,be opened
열쇠,yeolsoe,key
열심히,yeolsimhi,"hard, enthusiastic"
열차,yeolcha,train
엽서,yeopseo,postcard
영,yeong,"spirit, zero"
영국,yeongguk,The United Kingdom
영상,yeongsang,video
영어,yeongeo,English
영어회화,yeongeohoehwa,English conversation
영하,yeongha,"minus, below zero"
영화,yeonghwa,movie
영화관,yeonghwagwan,movie theater
영화배우,yeonghwabaeu,movie star
영화표,yeonghwapyo,movie ticket
옆,yeop,side
예,ye,yes
예문,yemun,"example, model sentence"
예쁘다,yeppeuda,"pretty, beautiful"
예순,yesun,60
예약,yeyak,reservation
옛날,yetnal,"a long ago, olden days"
오,o,5
오늘,oneul,today
오다,oda,come
오래,orae,"long, much"
오래간만,oraeganman,after a long time
오래간만입니다,oraeganmanipnida,Long time no see.
오랜만,oraenman,after a long time
오랜만에,oraenmane,after a long time
오랫동안,oraetdongan,for a long time
오렌지,orenji,orange
오르다,oreuda,climb
오른쪽,oreunjjok,"right side, right"
오리,ori,duck
오빠,oppa,brother (as seen from the younger sister)
오십,osip,50
오월,owol,May
오이,oi,cucumber
오전,ojeon,"morning, a.m."
오징어,ojingeo,squid
오후,ohu,afternoon
올라가다,olragada,go up
올라오다,olraoda,come up
올려놓다,olryeonota,"put on, place"
올림픽,olrimpik,olympic
올해,olhae,this year
옮기다,omgida,"move, transfer, translate"
옷,ot,"dress, clothes"
옷가게,otgage,clothing store
옷장,otjang,closet
와이셔츠,waisyeocheu,shirt
왜,wae,why
왜냐하면,waenyahamyeon,because
외국,oeguk,foreign country
외국어,oegugeo,foreign language
외국인,oegugin,foreigner
외롭다,oeropda,lonely
외삼촌,oesamchon,maternal uncle
외숙모,oesukmo,maternal aunt
외출하다,oechulhada,go out
외할머니,oehalmeoni,maternal grandmother
외할아버지,oeharabeoji,maternal grandfather
왼쪽,oenjjok,left
요금,yogeum,fee
요르단,yoreudan,Jordan
요리,yori,"cooking, cuisine"
요일,yoil,day of the week
요즘,yojeum,"nowadays, around this time, lately"
우리,uri,"we, us"
우리나라,urinara,"our country, South Korea"
우산,usan,umbrella
우선,useon,first
우유,uyu,milk
우체국,ucheguk,post office
우표,upyo,stamp
운동,undong,exercise
운동복,undongbok,"sportswear, gym clothes"
운동선수,undongseonsu,athlete
운동장,undongjang,"playground, athletic field"
운동하다,undonghada,exercise
운동화,undonghwa,sports shoes
운전하다,unjeonhada,drive
울다,ulda,cry
울리다,ulrida,"make cry, chime"
움직이다,umjigida,move
웃기다,utgida,"funny, make someone laugh"
웃다,utda,laugh
원,won,won (currency units of Korea)
원피스,wonpiseu,one-piece dress
원하다,wonhada,"want, wish, desire"
월,wol,month
월급,wolgeup,monthly salary
월드컵,woldeukeop,world cup
월세,wolse,monthly rent
월요일,woryoil,Monday
웬일,wenil,"for some reason,  What was it?"
위,wi,"top, up"
위치,wichi,"location, position"
위하다,wihada,"for, in favor of, for the sake of"
위험하다,wiheomhada,dangerous
유럽,yureop,Europe
유리,yuri,glass
유명하다,yumyeonghada,famous
유월,yuwol,June
유학,yuhak,study abroad
유학생,yuhaksaeng,"foreign student, international student"
유행,yuhaeng,trend
육,yuk,6
육십,yuksip,60
은행,eunhaeng,bank
은행원,eunhaengwon,bank clerk
음료수,eumryosu,"drink, soft drink"
음반,eumban,record
음식,eumsik,"food, cooking"
음악,eumak,music
음악가,eumakga,musician
응,eung,Yeah (answer)
의미,uimi,meaning
의사,uisa,doctor
의자,uija,chair
이,i,"this, tooth, 2"
이거,igeo,this
이것,igeot,this
이곳,igot,"this place, here"
이따가,ittaga,later
이런,ireon,"this, such ~"
이렇게,ireoke,"like this, so, in this way"
이렇다,ireota,like this
이름,ireum,name
이메일,imeil,e-mail
이모,imo,maternal aunt
이모부,imobu,maternal uncle
이번,ibeon,this time
이분,ibun,this person
이사,isa,"move, moving"
이상,isang,"more than, strange"
이상하다,isanghada,"strange, funny, weird"
이십,isip,20
이야기,iyagi,story
이야기하다,iyagihada,talk
이용,iyong,usage
이용하다,iyonghada,use
이월,iwol,February
이유,iyu,reason
이제,ije,now
이집트,ijipteu,Egypt
이쪽,ijjok,"this way, here, this person"
이틀,iteul,two days
이해,ihae,understanding
이해하다,ihaehada,understand
인,in,"sign,  ~   person(s)"
인구,ingu,population
인기,ingi,popularity
인기스타,ingiseuta,popular star
인도,indo,India
인사,insa,greetings
인사하다,insahada,greet
인삼,insam,ginseng
인상,insang,impression
인천,incheon,Incheon
인터넷,inteonet,internet
인터뷰하다,inteobyuhada,interview
인형,inhyeong,doll
일,il,"work, 1, day"
일곱,ilgop,7
일기,ilgi,diary
일기예보,ilgiyebo,weather forecast
일본,ilbon,Japan
일본드라마,ilbondeurama,Japanese drama
일본말,ilbonmal,Japanese language
일본사람,ilbonsaram,Japanese people
일본어,ilboneo,Japanese language
일본요리,ilbonyori,Japanese food
일상생활,ilsangsaenghwal,everyday life
일식,ilsik,"Japanese style, Japanese food"
일어나다,ireonada,"rise, stand, occur"
일어서다,ireoseoda,"get up, stand up"
일요일,iryoil,Sunday
일월,irwol,January
일주일,iljuil,one week
일찍,iljjik,early
일하다,ilhada,work
일흔,ilheun,70
읽기,ikgi,reading
읽다,ikda,read
잃다,ilta,lose
잃어버리다,ireobeorida,lose
입,ip,mouth
입구,ipgu,entrance
입다,ipda,"put on, wear"
입원하다,ibwonhada,hospitalize
입학,iphak,admission
있다,itda,"have, there"
잊다,itda,forget
잊어버리다,ijeobeorida,forget
자,ja,"character, Here we go."
자기,jagi,"myself, own"
자다,jada,sleep
자동차,jadongcha,"car, automobile"
자동차회사,jadongchahoesa,car company
자료,jaryo,"material, document"
자르다,jareuda,cut
자리,jari,"seat, location"
자신,jasin,"myself, own"
자연,jayeon,nature
자유,jayu,freedom
자장면,jajangmyeon,Jajangmyeon
자전거,jajeongeo,bicycle
자주,jaju,often
작년,jaknyeon,last year
작다,jakda,small
작은아버지,jageunabeoji,uncle
작은어머니,jageuneomeoni,aunt
잔,jan,"glass, ~ cup(s)"
잔치,janchi,"party, feast"
잘,jal,well
잘못,jalmot,mistake
잘생기다,jalsaenggida,handsome
잘하다,jalhada,"do well, good at"
잠,jam,"slumbers, sleep"
잠깐,jamkkan,"for a while, a little"
잠시,jamsi,"for a bit, for a while, a little"
잠자다,jamjada,"sleep, go to bed"
잡다,japda,"catch, grab, hold"
잡수시다,japsusida,eat (honorific form)
잡지,japji,magazine
장,jang,"~ chapter(s), ~ sheet(s)"
장갑,janggap,gloves
장마,jangma,rainy season
장마철,jangmacheol,rainy season
장미,jangmi,rose
장소,jangso,place
장점,jangjeom,advantage
재료,jaeryo,material
재미없다,jaemieopda,"not funny, uninteresting"
재미있다,jaemiitda,interesting
재킷,jaekit,jacket
저,jeo,that
저거,jeogeo,that
저것,jeogeot,that
저곳,jeogot,over there
저기,jeogi,"there, over there"
저녁,jeonyeok,"dinner, evening, night"
저녁식사,jeonyeoksiksa,dinner
저렇게,jeoreoke,"like that, in that way"
저분,jeobun,that person
저쪽,jeojjok,"there, over there"
저희,jeohui,we
적,jeok,enemy
적다,jeokda,"be few, write down"
전,jeon,"all, before"
전공,jeongong,major
전기자동차,jeongijadongcha,electric car
전자사전,jeonjasajeon,electronic dictionary
전하다,jeonhada,tell
전혀,jeonhyeo,not at all
전화,jeonhwa,telephone
전화기,jeonhwagi,telephone
전화번호,jeonhwabeonho,phone number
절,jeol,"~ section(s), temple"
절대,jeoldae,"never, absolutely"
젊다,jeomda,young
점,jeom,point
점수,jeomsu,"score, point"
점심,jeomsim,lunch
점심시간,jeomsimsigan,lunchtime
점심식사,jeomsimsiksa,lunch
점원,jeomwon,clerk
점퍼,jeompeo,jacket
젓가락,jeotgarak,chopsticks
정거장,jeonggeojang,"station, depot"
정도,jeongdo,degree
정류장,jeongryujang,"station, bus stop"
정리하다,jeongrihada,"straighten out, organize"
정말,jeongmal,"really, truly"
정문,jeongmun,"front door, main gate"
정보,jeongbo,information
정하다,jeonghada,"choose, establish"
제가,jega,I
제목,jemok,title
제일,jeil,most
제주도,jejudo,Jeju Island
조금,jogeum,a little
조사하다,josahada,investigate
조선,joseon,"shipbuilding, Korea"
조선말,joseonmal,Korean language
조선어,joseoneo,Korean language
조심하다,josimhada,"be careful, warn"
조용하다,joyonghada,"silent, quiet"
조용히,joyonghi,quietly
조카,joka,nephew
졸업,joreop,graduation
졸업하다,joreophada,graduate
좀,jom,a little
좀더,jomdeo,a little more
좁다,jopda,narrow
종로,jongro,Jong-ro
종류,jongryu,"kind, type"
종업원,jongeobwon,employee
종이,jongi,paper
종일,jongil,all day
좋다,jota,good
좋아하다,joahada,like
죄송하다,joesonghada,sorry
주,ju,week
주다,juda,give
주로,juro,mainly
주말,jumal,weekend
주머니,jumeoni,"pocket, pouch"
주무시다,jumusida,"sleep, rest"
주문하다,jumunhada,order
주변,jubyeon,around
주부,jubu,housewife
주사,jusa,injection
주소,juso,address
주스,juseu,juice
주위,juwi,around
주인,juin,owner
주차장,juchajang,parking lot
주차하다,juchahada,park
주황색,juhwangsaek,orange color
죽,juk,"bamboo, porridge"
죽다,jukda,die
준비,junbi,preparation
준비하다,junbihada,prepare
줄,jul,"line, column, string"
줄다,julda,"shrink, decrease"
중,jung,"medium, during"
중국,jungguk,China
중국어,junggugeo,Chinese
중국집,junggukjip,Chinese restaurant
중식,jungsik,Chinese cuisine
중심,jungsim,center
중요,jungyo,importance
중요하다,jungyohada,important
중학교,junghakgyo,"middle school, Junior high school"
중학생,junghaksaeng,middle school student
즐거워하다,jeulgeowohada,have fun
즐겁다,jeulgeopda,"fun, be pleasant"
즐기다,jeulgida,"enjoy, have fun"
증세,jeungse,"symptom, medical condition"
지각,jigak,"tardy, being late"
지갑,jigap,wallet
지금,jigeum,now
지나다,jinada,pass by
지난달,jinandal,last month
지난번,jinanbeon,last time
지난주,jinanju,last week
지내다,jinaeda,"stay, spend, live"
지다,jida,lose
지도,jido,map
지방,jibang,"fat, region"
지우개,jiugae,eraser
지키다,jikida,protect
지하,jiha,underground
지하도,jihado,underpass
지하철,jihacheol,subway
지하철역,jihacheoryeok,subway station
직업,jigeop,"job, profession"
직원,jigwon,"employee, staff"
직장,jikjang,workplace
직접,jikjeop,"directly, direct"
진달래,jindalrae,azalea
질,jil,quality
질문,jilmun,question
질문하다,jilmunhada,ask a question
짐,jim,"load, baggage"
집,jip,"house, shop"
짓다,jitda,"build, create"
짜다,jjada,"salty, make (the plan)"
짜리,jjari,a value (won coin)
짧다,jjalda,short
쪽,jjok,"side, page"
쯤,jjeum,"about, around ~"
찌개,jjigae,"stew, soup"
찍다,jjikda,"pierce, take (a photo), press"
차,cha,"car, tea"
차갑다,chagapda,cold
차다,chada,kick
차리다,charida,"prepare, arrange"
착하다,chakhada,"be good, friendly"
참,cham,"really, very"
창문,changmun,window
찾다,chatda,"find, visit"
찾아가다,chajagada,go to visit
찾아오다,chajaoda,come to visit
채소,chaeso,vegetable
책,chaek,book
책방,chaekbang,bookstore
책상,chaeksang,desk
책임,chaegim,responsibility
책장,chaekjang,bookshelf
처음,cheoeum,"first, for the first time"
처음 뵙겠습니다,cheoeum boepgetseupnida,Nice to meet you.
천,cheon,1000
천천히,cheoncheonhi,slowly
철,cheol,"iron, season"
첫,cheot,first
첫째,cheotjjae,first
청바지,cheongbaji,blue jeans
청소기,cheongsogi,vacuum cleaner
청소하다,cheongsohada,"sweep, clean"
초,cho,~second(s)
초대하다,chodaehada,invite
초등학교,chodeunghakgyo,elementary school
초등학생,chodeunghaksaeng,elementary student
초록색,choroksaek,green color
초콜릿,chokolrit,chocolate
촬영하다,chwaryeonghada,take a picture
최고,choego,"best, the highest"
추다,chuda,dance
추석,chuseok,Chusoku (Korean Thanksgiving Day)
추억,chueok,memory
축구,chukgu,"football, soccer"
축제,chukje,festival
축하,chukha,celebration
축하하다,chukhahada,celebrate
축하합니다,chukhahapnida,congratulations
출구,chulgu,exit
출근하다,chulgeunhada,go to work
출발,chulbal,"start, departure"
출발하다,chulbalhada,depart
출장,chuljang,business trip
춤,chum,dance
춤추다,chumchuda,dance
춥다,chupda,cold
취미,chwimi,hobby
취소하다,chwisohada,cancel
취직하다,chwijikhada,get a job
층,cheung,"layer, ~ floor"
치과,chigwa,"dentist, dentistry"
치료하다,chiryohada,treat
치마,chima,skirt
치약,chiyak,toothpaste
친구,chingu,friend
친절하다,chinjeolhada,be kind
친척,chincheok,relative
친하다,chinhada,"close, familiar"
칠,chil,7
칠십,chilsip,70
칠월,chirwol,July
칠판,chilpan,blackboard
침대,chimdae,bed
칫솔,chitsol,toothbrush
카드,kadeu,card
카레,kare,curry
카메라,kamera,camera
카페,kape,"cafe, coffee shops"
칼,kal,"knife, cutlery, swords"
캐나다,kaenada,Canada
커피,keopi,coffee
커피숍,keopisyop,coffee shop
컴퓨터,keompyuteo,"computer, PC"
컵,keop,cup
케이크,keikeu,cake
켜다,kyeoda,"turn on (the light, the power, etc.)"
코,ko,nose
코트,koteu,coat
코피,kopi,nosebleed
콜라,kolra,Coke
콧노래,kotnorae,humming
콧물,kotmul,"snot, nasal discharge"
콩,kong,"bean, soy"
크기,keugi,size
크다,keuda,"big, large"
크리스마스,keuriseumaseu,Christmas
큰아버지,keunabeoji,uncle
큰어머니,keuneomeoni,aunt
키,ki,"key, height"
킬로그램,kilrogeuraem,kilogram
킬로미터,kilromiteo,kilometer
타다,tada,"ride, get on"
타월,tawol,towel
탁구,takgu,table tennis
태국,taeguk,Thailand
태권도,taegwondo,Taekwondo
태어나다,taeeonada,be born
태풍,taepung,typhoon
택시,taeksi,taxi
탤런트,taelreonteu,entertainers
터미널,teomineol,terminal
테니스,teniseu,tennis
테이블,teibeul,table
텔레비전,telrebijeon,TV
토마토,tomato,tomato
토요일,toyoil,Saturday
통,tong,"barrel, ~ package(s)"
통장,tongjang,"bank book, (deposit) passbook"
통하다,tonghada,"pass, lead"
퇴근하다,toegeunhada,leave the office
특별히,teukbyeolhi,especially
특징,teukjing,"characteristic, feature"
특히,teukhi,"especially, in particular"
틀다,teulda,turn on (the switch)
틀리다,teulrida,wrong
티셔츠,tisyeocheu,t-shirt
팀,tim,team
파,pa,"wave, green onion"
파란색,paransaek,blue color
파랗다,parata,blue
파티,pati,party
팔,pal,8
팔다,palda,sell
팔리다,palrida,"sell, be sold"
팔십,palsip,80
팔월,parwol,August
패션,paesyeon,fashion
퍼센트,peosenteu,percent
페이지,peiji,page
펜,pen,pen
펴다,pyeoda,"spread, stretch"
편,pyeon,"side, episode"
편지,pyeonji,letter
편하다,pyeonhada,"comfortable, easy, convenient"
평양,pyeongyang,Pyongyang
평일,pyeongil,weekday
포도,podo,grape
포장,pojang,packing
표,pyo,"table, ticket"
표현,pyohyeon,expression
푹,puk,deeply
풀,pul,"pool, grass"
풀다,pulda,solve
프랑스,peurangseu,France
프로그램,peurogeuraem,program
프린트,peurinteu,print
피,pi,blood
피곤하다,pigonhada,tired
피다,pida,bloom
피아노,piano,piano
피우다,piuda,"smoke, bloom"
피자,pija,pizza
필름,pilreum,film
필요,piryo,necessity
필요하다,piryohada,need
필통,piltong,pencil case
하나,hana,1
하늘,haneul,sky
하늘색,haneulsaek,"sky blue, light blue"
하다,hada,"do, say"
하루,haru,one day
하숙,hasuk,"boarding house, lodging house"
하숙집,hasukjip,"boarding house, lodging house"
하얀색,hayansaek,white color
하얗다,hayata,white
하지만,hajiman,"but, however"
학,hak,crane
학교,hakgyo,school
학기,hakgi,semester
학년,haknyeon,"grade, school year"
학생,haksaeng,student
학생증,haksaengjeung,student ID card
학원,hagwon,"academy, school"
한,han,"one, one of the ~"
한강,hangang,"Han River, Hangang"
한국,hanguk,Korea
한국드라마,hangukdeurama,Korean drama
한국말,hangukmal,Korean language
한국사람,hanguksaram,Korean people
한국어,hangugeo,Korean language
한국요리,hangugyori,Korean cuisine
한글,hangeul,Hangul
한번,hanbeon,once
한복,hanbok,"Hanbok, Korean traditional clothes"
한식,hansik,Korean cuisine
한자,hanja,Chinese character
할머니,halmeoni,grandmother
할아버지,harabeoji,grandfather
할인,harin,"sale, discount"
함께,hamkke,together
합격,hapgyeok,pass
항상,hangsang,always
해,hae,"year, sun"
해외,haeoe,overseas
해외여행,haeoeyeohaeng,overseas trip
핸드폰,haendeupon,"cell phone, mobile phone"
햄버거,haembeogeo,hamburger
햇빛,haetbit,"sunshine, sunlight"
행복,haengbok,happiness
행복하다,haengbokhada,happy
행사,haengsa,event
허리,heori,"waist, hip"
현금,hyeongeum,cash
현재,hyeonjae,"now, current"
형,hyeong,brother (as seen from the younger brother)
형님,hyeongnim,big brother (honorific form)
형제,hyeongje,sibling
호,ho,No. ~
호랑이,horangi,tiger
호주,hoju,Australia
호텔,hotel,hotel
혼자,honja,alone
홈페이지,hompeiji,home page
홍차,hongcha,black tea
화,hwa,anger
화가,hwaga,"artist, painter"
화나다,hwanada,angry
화내다,hwanaeda,get angry
화요일,hwayoil,Tuesday
화장실,hwajangsil,"restroom, toilet, lavatory"
화장품,hwajangpum,cosmetics
화장하다,hwajanghada,makeup
확인하다,hwaginhada,"confirm, check"
환영하다,hwanyeonghada,welcome
환자,hwanja,patient
회사,hoesa,company
회사원,hoesawon,employee
회색,hoesaek,grey
회의,hoeui,conference
횡단보도,hoengdanbodo,crosswalk
후,hu,after
후배,hubae,Junior
휴가,hyuga,"vacation, holiday"
휴대전화,hyudaejeonhwa,"cell phone, mobile phone"
휴일,hyuil,holiday
휴지,hyuji,toilet paper
휴지통,hyujitong,trash can
흐리다,heurida,cloudy
흰색,huinsaek,white color
힘,him,power
